{
  "description": "Nominal AWUG physical and geometric parameters used before Stage A-E updates.",
  "source": "code_folder/stage_a_to_e_abnode_style/SI_awug_crba_utils.py:build_default_params",
  "parameters": {
    "r_lh": [
      [
        0.09072
      ],
      [
        -0.05005
      ],
      [
        0.0
      ]
    ],
    "ld": 0.10928,
    "r_lB": [
      [
        0.0
      ],
      [
        -0.10928
      ],
      [
        0.0
      ]
    ],
    "r_lG_ne": [
      [
        0.0
      ],
      [
        0.011752
      ],
      [
        0.0
      ]
    ],
    "r_lG": [
      [
        0.0
      ],
      [
        -0.097528
      ],
      [
        0.0
      ]
    ],
    "r_rh": [
      [
        0.09072
      ],
      [
        0.05005
      ],
      [
        0.0
      ]
    ],
    "rd": 0.10928,
    "r_rB": [
      [
        0.0
      ],
      [
        0.10928
      ],
      [
        0.0
      ]
    ],
    "r_rG_ne": [
      [
        0.0
      ],
      [
        -0.011752
      ],
      [
        0.0
      ]
    ],
    "r_rG": [
      [
        0.0
      ],
      [
        0.097528
      ],
      [
        0.0
      ]
    ],
    "r_bG": [
      [
        0.000481
      ],
      [
        0.0
      ],
      [
        0.0062640000000000005
      ]
    ],
    "r_bB": [
      [
        0.0
      ],
      [
        0.0
      ],
      [
        0.0
      ]
    ],
    "m_b": 5.5216,
    "B_b": 63.80780000000001,
    "m_l": 0.119,
    "B_l": 1.1662,
    "m_r": 0.119,
    "B_r": 1.1662,
    "g": 9.8,
    "I_b": [
      [
        0.016963851999999998,
        -3.622e-06,
        0.0033253989999999997
      ],
      [
        -3.622e-06,
        0.114539676,
        6.582e-06
      ],
      [
        0.0033253989999999997,
        6.582e-06,
        0.11241278299999999
      ]
    ],
    "I_l": [
      [
        0.0006708794999999999,
        -4.585e-07,
        0.0
      ],
      [
        -4.585e-07,
        2.2047999999999996e-05,
        3e-09
      ],
      [
        0.0,
        3e-09,
        0.0006903735
      ]
    ],
    "I_r": [
      [
        0.0006708794999999999,
        -4.585e-07,
        0.0
      ],
      [
        -4.585e-07,
        2.2047999999999996e-05,
        3e-09
      ],
      [
        0.0,
        3e-09,
        0.0006903735
      ]
    ],
    "rho": 1000.0,
    "m1": 0.4149,
    "m2": 0.4632,
    "l1": 0.00641,
    "l2": 0.039315,
    "l3_zero": -0.03009,
    "m3": 0.0684,
    "kappa_water": 1.6666666666666667,
    "l_piston": 0.10541,
    "l_z": 0.04661,
    "l_ref": 0.128112,
    "S": 0.010000000000000002,
    "l": 0.2,
    "c": 0.05,
    "r": 0.025,
    "k": [
      [
        0.0
      ],
      [
        0.0
      ],
      [
        1.0
      ]
    ],
    "i": [
      [
        1.0
      ],
      [
        0.0
      ],
      [
        0.0
      ]
    ],
    "I_3": [
      [
        1.0,
        0.0,
        0.0
      ],
      [
        0.0,
        1.0,
        0.0
      ],
      [
        0.0,
        0.0,
        1.0
      ]
    ],
    "m_drainage": 6.604,
    "M_ab": [
      [
        0.719836,
        0.0,
        0.0
      ],
      [
        0.0,
        5.4218839999999995,
        0.0
      ],
      [
        0.0,
        0.0,
        5.4218839999999995
      ]
    ],
    "I_ab": [
      [
        0.0009432790380000001,
        0.0,
        0.0
      ],
      [
        0.0,
        0.058483300356,
        0.0
      ],
      [
        0.0,
        0.0,
        0.058483300356
      ]
    ],
    "M_al": [
      [
        0.022619467105846513,
        0.0,
        0.0
      ],
      [
        0.0,
        0.007853981633974483,
        0.0
      ],
      [
        0.0,
        0.0,
        0.3926990816987242
      ]
    ],
    "I_al": [
      [
        0.0013089969389957475,
        0.0,
        0.0
      ],
      [
        0.0,
        2.7247111624400622e-05,
        0.0
      ],
      [
        0.0,
        0.0,
        7.539822368615506e-05
      ]
    ],
    "M_ar": [
      [
        0.022619467105846513,
        0.0,
        0.0
      ],
      [
        0.0,
        0.007853981633974483,
        0.0
      ],
      [
        0.0,
        0.0,
        0.3926990816987242
      ]
    ],
    "I_ar": [
      [
        0.0013089969389957475,
        0.0,
        0.0
      ],
      [
        0.0,
        2.7247111624400622e-05,
        0.0
      ],
      [
        0.0,
        0.0,
        7.539822368615506e-05
      ]
    ]
  }
}